ID,Resume Text
1,"Data scientist with experience in Python, R, and data visualization techniques. Skills include deep learning and big data."
2,"Data scientist with experience in Python, R, and data visualization techniques. Skills include machine learning and data mining."
3,"Data scientist with experience in Python, R, and data visualization techniques. Skills include machine learning and data mining."
4,"Data scientist with experience in Python, R, and data visualization techniques. Skills include machine learning and big data."
5,"Data scientist with experience in Python, R, and data visualization techniques. Skills include machine learning and big data."
6,"Data scientist with experience in Python, R, and data visualization techniques. Skills include deep learning and data mining."
7,"Data scientist with experience in Python, R, and data visualization techniques. Skills include data analysis and statistics."
8,"Data scientist with experience in Python, R, and data visualization techniques. Skills include deep learning and data mining."
9,"Data scientist with experience in Python, R, and data visualization techniques. Skills include data analysis and big data."
10,"Data scientist with experience in Python, R, and data visualization techniques. Skills include machine learning and statistics."
11,"Data scientist with experience in Python, R, and data visualization techniques. Skills include deep learning and big data."
12,"Data scientist with experience in Python, R, and data visualization techniques. Skills include data analysis and big data."
13,"Data scientist with experience in Python, R, and data visualization techniques. Skills include deep learning and data mining."
14,"Data scientist with experience in Python, R, and data visualization techniques. Skills include data analysis and statistics."
15,"Data scientist with experience in Python, R, and data visualization techniques. Skills include deep learning and big data."
16,"Data scientist with experience in Python, R, and data visualization techniques. Skills include machine learning and data mining."
17,"Data scientist with experience in Python, R, and data visualization techniques. Skills include machine learning and data mining."
18,"Data scientist with experience in Python, R, and data visualization techniques. Skills include data analysis and data mining."
19,"Data scientist with experience in Python, R, and data visualization techniques. Skills include data analysis and big data."
20,"Data scientist with experience in Python, R, and data visualization techniques. Skills include data analysis and statistics."
21,"Data scientist with experience in Python, R, and data visualization techniques. Skills include data analysis and statistics."
22,"Data scientist with experience in Python, R, and data visualization techniques. Skills include data analysis and statistics."
23,"Data scientist with experience in Python, R, and data visualization techniques. Skills include deep learning and statistics."
24,"Data scientist with experience in Python, R, and data visualization techniques. Skills include data analysis and big data."
25,"Data scientist with experience in Python, R, and data visualization techniques. Skills include data analysis and statistics."
26,"Data scientist with experience in Python, R, and data visualization techniques. Skills include deep learning and statistics."
27,"Data scientist with experience in Python, R, and data visualization techniques. Skills include deep learning and statistics."
28,"Data scientist with experience in Python, R, and data visualization techniques. Skills include machine learning and data mining."
29,"Data scientist with experience in Python, R, and data visualization techniques. Skills include machine learning and big data."
30,"Data scientist with experience in Python, R, and data visualization techniques. Skills include machine learning and data mining."
31,"Data scientist with experience in Python, R, and data visualization techniques. Skills include data analysis and big data."
32,"Data scientist with experience in Python, R, and data visualization techniques. Skills include machine learning and big data."
33,"Data scientist with experience in Python, R, and data visualization techniques. Skills include machine learning and big data."
34,"Data scientist with experience in Python, R, and data visualization techniques. Skills include machine learning and data mining."
35,"Data scientist with experience in Python, R, and data visualization techniques. Skills include deep learning and statistics."
36,"Data scientist with experience in Python, R, and data visualization techniques. Skills include machine learning and statistics."
37,"Data scientist with experience in Python, R, and data visualization techniques. Skills include deep learning and big data."
38,"Data scientist with experience in Python, R, and data visualization techniques. Skills include deep learning and statistics."
39,"Data scientist with experience in Python, R, and data visualization techniques. Skills include deep learning and data mining."
40,"Data scientist with experience in Python, R, and data visualization techniques. Skills include deep learning and data mining."
41,"Data scientist with experience in Python, R, and data visualization techniques. Skills include data analysis and statistics."
42,"Data scientist with experience in Python, R, and data visualization techniques. Skills include machine learning and statistics."
43,"Data scientist with experience in Python, R, and data visualization techniques. Skills include data analysis and statistics."
44,"Data scientist with experience in Python, R, and data visualization techniques. Skills include machine learning and statistics."
45,"Data scientist with experience in Python, R, and data visualization techniques. Skills include data analysis and big data."
46,"Data scientist with experience in Python, R, and data visualization techniques. Skills include machine learning and statistics."
47,"Data scientist with experience in Python, R, and data visualization techniques. Skills include machine learning and big data."
48,"Data scientist with experience in Python, R, and data visualization techniques. Skills include machine learning and big data."
49,"Data scientist with experience in Python, R, and data visualization techniques. Skills include machine learning and data mining."
50,"Data scientist with experience in Python, R, and data visualization techniques. Skills include machine learning and big data."
51,"Data scientist with experience in Python, R, and data visualization techniques. Skills include data analysis and big data."
52,"Data scientist with experience in Python, R, and data visualization techniques. Skills include deep learning and statistics."
53,"Data scientist with experience in Python, R, and data visualization techniques. Skills include data analysis and data mining."
54,"Data scientist with experience in Python, R, and data visualization techniques. Skills include machine learning and statistics."
55,"Data scientist with experience in Python, R, and data visualization techniques. Skills include machine learning and big data."
56,"Data scientist with experience in Python, R, and data visualization techniques. Skills include data analysis and statistics."
57,"Data scientist with experience in Python, R, and data visualization techniques. Skills include machine learning and statistics."
58,"Data scientist with experience in Python, R, and data visualization techniques. Skills include machine learning and big data."
59,"Data scientist with experience in Python, R, and data visualization techniques. Skills include data analysis and big data."
60,"Data scientist with experience in Python, R, and data visualization techniques. Skills include machine learning and statistics."
61,"Data scientist with experience in Python, R, and data visualization techniques. Skills include deep learning and data mining."
62,"Data scientist with experience in Python, R, and data visualization techniques. Skills include data analysis and statistics."
63,"Data scientist with experience in Python, R, and data visualization techniques. Skills include machine learning and statistics."
64,"Data scientist with experience in Python, R, and data visualization techniques. Skills include data analysis and statistics."
65,"Data scientist with experience in Python, R, and data visualization techniques. Skills include data analysis and statistics."
66,"Data scientist with experience in Python, R, and data visualization techniques. Skills include data analysis and statistics."
67,"Data scientist with experience in Python, R, and data visualization techniques. Skills include data analysis and big data."
68,"Data scientist with experience in Python, R, and data visualization techniques. Skills include deep learning and data mining."
69,"Data scientist with experience in Python, R, and data visualization techniques. Skills include data analysis and statistics."
70,"Data scientist with experience in Python, R, and data visualization techniques. Skills include machine learning and data mining."
71,"Data scientist with experience in Python, R, and data visualization techniques. Skills include machine learning and statistics."
72,"Data scientist with experience in Python, R, and data visualization techniques. Skills include data analysis and statistics."
73,"Data scientist with experience in Python, R, and data visualization techniques. Skills include deep learning and data mining."
74,"Data scientist with experience in Python, R, and data visualization techniques. Skills include data analysis and statistics."
75,"Data scientist with experience in Python, R, and data visualization techniques. Skills include data analysis and statistics."
76,"Data scientist with experience in Python, R, and data visualization techniques. Skills include data analysis and data mining."
77,"Data scientist with experience in Python, R, and data visualization techniques. Skills include deep learning and data mining."
78,"Data scientist with experience in Python, R, and data visualization techniques. Skills include machine learning and statistics."
79,"Data scientist with experience in Python, R, and data visualization techniques. Skills include data analysis and data mining."
80,"Data scientist with experience in Python, R, and data visualization techniques. Skills include machine learning and big data."
81,"Data scientist with experience in Python, R, and data visualization techniques. Skills include deep learning and big data."
82,"Data scientist with experience in Python, R, and data visualization techniques. Skills include data analysis and big data."
83,"Data scientist with experience in Python, R, and data visualization techniques. Skills include deep learning and big data."
84,"Data scientist with experience in Python, R, and data visualization techniques. Skills include data analysis and statistics."
85,"Data scientist with experience in Python, R, and data visualization techniques. Skills include deep learning and data mining."
86,"Data scientist with experience in Python, R, and data visualization techniques. Skills include data analysis and statistics."
87,"Data scientist with experience in Python, R, and data visualization techniques. Skills include data analysis and data mining."
88,"Data scientist with experience in Python, R, and data visualization techniques. Skills include machine learning and statistics."
89,"Data scientist with experience in Python, R, and data visualization techniques. Skills include machine learning and big data."
90,"Data scientist with experience in Python, R, and data visualization techniques. Skills include deep learning and statistics."
91,"Data scientist with experience in Python, R, and data visualization techniques. Skills include deep learning and big data."
92,"Data scientist with experience in Python, R, and data visualization techniques. Skills include data analysis and data mining."
93,"Data scientist with experience in Python, R, and data visualization techniques. Skills include data analysis and statistics."
94,"Data scientist with experience in Python, R, and data visualization techniques. Skills include machine learning and big data."
95,"Data scientist with experience in Python, R, and data visualization techniques. Skills include data analysis and data mining."
96,"Data scientist with experience in Python, R, and data visualization techniques. Skills include deep learning and big data."
97,"Data scientist with experience in Python, R, and data visualization techniques. Skills include deep learning and data mining."
98,"Data scientist with experience in Python, R, and data visualization techniques. Skills include machine learning and data mining."
99,"Data scientist with experience in Python, R, and data visualization techniques. Skills include data analysis and data mining."
100,"Data scientist with experience in Python, R, and data visualization techniques. Skills include data analysis and data mining."
